model_name,recall@20,mrr@20,ndcg@20
gru4rec_top1-max,0.41727,0.13621999323368073,0.198730006814003
