model_name,recall@20,mrr@20,ndcg@20
gru4rec_contrastive,0.35884,0.12374000251293182,0.17633000016212463
