NDCG@20,Recall@20,MRR@20
0.8633192185952826, 0.9586, 0.8320434523809485