model_name,recall@20,mrr@20,ndcg@20
gru4rec_contrastive,0.14405,0.031769998371601105,0.05570000037550926
