model_name,recall@20,mrr@20,ndcg@20
gru4rec_top1-max,0.16322,0.034529998898506165,0.06176000088453293
