model_name,recall@20,mrr@20,ndcg@20
gru4rec_bpr-max,0.09947,0.021409999579191208,0.03807000070810318
