NDCG@20,Recall@20,MRR@20
0.06468316443390802, 0.13155729273811972, 0.04476094147458065