NDCG@20,Recall@20,MRR@20
0.7951862811772753, 0.8963778555258284, 0.7620842684333068