exp_loss_type,recall@20,mrr
BPR-max,0.02264,0.005249999929219484
