exp_loss_type,recall@20,mrr
TOP1-max,0.16382,0.03425
TOP1,0.0286,0.00554
BPR,0.00356,0.00068
CrossEntropy,0.01191,0.00163
BPR-max,0.07656,0.01531
