exp_loss_type,recall@20,mrr
TOP1-max,0.06907,0.014990000054240227
