exp_loss_type,recall@20,mrr
TOP1,0.04225,0.00913000013679266
